"Estimated Resident Population by Age and Sex (1991+) (Qrtly-Mar/Jun/Sep/Dec)","","","","","","","","","","","","","","","","","","","","","","","","","","","","","","","","","","","","","","","","","","","","","","","","","","","","","","","","","","","","","","","","","","","","","","","","","","","","","","","","","","","","","","","","","","","","","","","","",""
"","As at","","","","","","","","","","","","","","","","","","","","","","","","","","","","","","","","","","","","","","","","","","","","","","","","","","","","","","","","","","","","","","","","","","","","","","","","","","","","","","","","","","","","","","","","","","","","","","","",""
" ","Total","","","","","","","","","","","","","","","","","","","","","","","","","","","","","","","","","","","","","","","","","","","","","","","","","","","","","","","","","","","","","","","","","","","","","","","","","","","","","","","","","","","","","","","","","","","","","","","",""
" ","0 Years","1 Years","2 Years","3 Years","4 Years","5 Years","6 Years","7 Years","8 Years","9 Years","10 Years","11 Years","12 Years","13 Years","14 Years","15 Years","16 Years","17 Years","18 Years","19 Years","20 Years","21 Years","22 Years","23 Years","24 Years","25 Years","26 Years","27 Years","28 Years","29 Years","30 Years","31 Years","32 Years","33 Years","34 Years","35 Years","36 Years","37 Years","38 Years","39 Years","40 Years","41 Years","42 Years","43 Years","44 Years","45 Years","46 Years","47 Years","48 Years","49 Years","50 Years","51 Years","52 Years","53 Years","54 Years","55 Years","56 Years","57 Years","58 Years","59 Years","60 Years","61 Years","62 Years","63 Years","64 Years","65 Years","66 Years","67 Years","68 Years","69 Years","70 Years","71 Years","72 Years","73 Years","74 Years","75 Years","76 Years","77 Years","78 Years","79 Years","80 Years","81 Years","82 Years","83 Years","84 Years","85 Years","86 Years","87 Years","88 Years","89 Years","90 Years","91 Years","92 Years","93 Years","94 Years","95 Years and Over","Total All Ages"
"2000Q1",56760,55510,57450,56280,57850,58730,59440,59740,62180,63190,61290,59570,58800,56240,55680,55080,54310,54690,54230,54870,53660,51880,50280,50600,49300,51070,52420,54120,56820,57730,58420,58920,58030,58740,58850,60080,62430,64170,63680,62560,60600,59200,57520,56470,55370,53560,51880,51100,50250,49880,49400,49240,49070,48140,41470,38580,36640,34870,37440,36890,33200,31290,29890,28820,27370,26880,25920,26240,25920,26590,25450,24580,23790,23290,22320,21400,19790,18640,18070,17030,14420,12450,11370,11130,9640,9050,7540,6600,5420,4380,3530,2830,2080,1680,1260,2780,3855900
"2000Q2",56840,55300,57290,56670,57310,58640,58870,60240,61210,63060,61990,59800,58950,56600,55960,55230,54790,54440,54320,54860,53520,52250,49880,49930,48740,50020,51770,53190,56080,57960,57780,58580,58400,58630,58370,59510,62090,63430,63980,62930,60910,60160,57350,56620,55620,53770,52630,50810,50500,49640,49760,48940,49080,49310,41510,39460,37810,33880,37540,37070,34320,31340,30110,29020,27710,26730,26100,26080,25750,26470,25510,24530,24220,23050,22220,21680,19810,18680,18200,16680,15490,12300,11350,11020,9800,8970,7830,6510,5620,4340,3660,2860,2170,1660,1300,2870,3857700
"2000Q3",56860,55300,56970,56730,56990,58410,58540,60070,60760,62650,62510,60200,59420,57330,56230,55530,54900,54790,54540,55030,53570,52590,50010,49440,48620,49450,50980,52540,55430,57930,57710,58780,58260,58470,58540,59200,61230,63410,63890,63320,61400,60160,57890,56940,55970,54280,53050,50820,50690,49850,49690,48900,49080,49580,43050,40280,37800,34380,36960,37120,35210,32050,30470,29160,28240,26600,26410,25840,25650,26330,25720,24660,24080,23130,22400,21430,20250,18640,18130,16790,16430,11950,11480,10810,10030,8820,8010,6560,5730,4330,3720,2880,2190,1680,1290,2890,3864900
"2000Q4",56760,55740,56020,56810,57030,57920,58370,59950,60230,62240,62840,60880,59460,57990,56380,55540,55020,54650,55000,54550,54090,52740,50310,49050,49100,48750,50830,52310,55090,57570,57850,58770,58620,58130,58830,58810,60980,62950,63890,63280,62140,59960,58680,56940,56440,54430,53280,50850,50990,49660,49860,48820,49310,49100,45690,40890,38120,35140,36030,36980,35990,32790,30740,29540,28560,26730,26810,25600,25740,25910,26000,24660,24300,23000,22540,21430,20500,18860,17880,16840,16430,12630,11640,10610,10150,8800,8120,6610,5790,4450,3810,2840,2290,1650,1320,2970,3873100
"2001Q1",56340,56420,55220,57270,56100,57680,58530,59260,59570,61940,63130,61260,59590,58870,56430,55870,55500,54820,55300,54790,54680,52920,50500,48640,48730,47860,49990,51740,54010,57110,57910,58470,58750,57910,58710,58760,59990,62170,63910,63350,62370,60350,58970,57260,56230,55100,53190,51500,50750,49950,49550,49000,48890,48800,47900,41280,38410,36470,34670,37230,36700,33030,31050,29750,28650,27200,26700,25600,25850,25480,26070,24910,23990,23150,22570,21580,20680,18980,17800,17160,16160,13580,11630,10480,10300,8820,8180,6720,5840,4680,3740,2930,2320,1670,1320,3090,3876200
"2001Q2",55820,56520,55010,57100,56540,57200,58440,58690,60090,61050,62970,62040,59820,59010,56900,56240,55620,55360,55310,55080,54940,52950,51060,48460,48220,47340,49070,51150,53150,56530,58330,57920,58440,58300,58650,58340,59510,61880,63210,63740,62750,60690,59930,57140,56380,55330,53450,52240,50500,50160,49300,49390,48540,48790,49070,41310,39290,37660,33680,37320,36880,34170,31140,29970,28830,27530,26530,25810,25720,25340,25970,24980,23900,23580,22340,21420,20940,19080,17850,17270,15810,14550,11520,10500,10140,8920,8080,6970,5710,4870,3690,3040,2310,1710,1290,3180,3880500
"2001Q3",55480,56720,55140,56840,56670,57030,58380,58500,60100,60800,62700,62710,60290,59510,57620,56600,56140,55660,56010,55630,55490,53320,51740,49000,48180,47580,48800,50530,52660,56010,58490,57970,58800,58300,58560,58690,59330,61290,63350,63850,63250,61320,60010,57810,56840,55850,54080,52780,50560,50390,49550,49420,48550,48760,49340,42890,40130,37650,34240,36790,36890,35080,31880,30270,28950,28020,26370,26090,25480,25240,25790,25190,24020,23430,22420,21650,20640,19510,17770,17210,15900,15400,11160,10590,9920,9040,7930,7070,5670,4920,3670,3110,2310,1720,1280,3120,3895400
"2001Q4",55520,56820,55820,56040,56870,57240,58200,58590,60160,60530,62450,63230,61120,59680,58320,56840,56250,55940,56100,56460,55370,54160,52360,49750,48440,48450,48550,50820,52710,55950,58500,58440,59010,58870,58460,59140,59230,61310,63180,64100,63390,62320,60040,58750,57000,56560,54450,53170,50750,50840,49450,49690,48600,49020,48930,45550,40820,38000,35030,35890,36810,35840,32630,30540,29330,28300,26460,26520,25220,25320,25410,25460,24050,23600,22310,21760,20650,19780,18020,17000,15940,15480,11750,10750,9700,9160,7870,7200,5730,4980,3740,3190,2260,1800,1260,3130,3916200
"2002Q1",54990,56620,56800,55580,57530,56540,58280,59020,59770,60170,62470,63710,61770,60020,59340,57180,56900,56760,56650,57550,56070,55030,52940,50460,48540,48710,48070,50480,52480,55300,58510,58940,59160,59300,58560,59350,59520,60650,62750,64460,63850,62820,60740,59250,57530,56580,55310,53340,51550,50790,49880,49470,48920,48710,48730,47810,41240,38320,36380,34570,37100,36560,32910,30880,29570,28390,26920,26370,25280,25390,25030,25510,24290,23310,22490,21800,20810,19940,18170,16910,16230,15200,12660,10760,9570,9330,7850,7200,5810,5020,3920,3100,2400,1820,1290,3210,3935700
"2002Q2",54850,56170,57060,55580,57480,57070,57930,59170,59380,60840,61770,63690,62680,60390,59500,57640,57220,56970,57320,57600,56690,55440,53090,51240,48590,48540,47940,49870,52180,54580,58160,59670,58780,59290,59170,59460,59240,60300,62690,63990,64430,63320,61260,60380,57570,56830,55710,53740,52440,50610,50180,49290,49410,48440,48760,49020,41300,39230,37560,33590,37220,36740,34010,30970,29760,28620,27230,26200,25460,25280,24900,25390,24390,23250,22890,21600,20690,20140,18240,16980,16330,14900,13570,10650,9590,9180,7980,7100,6020,4930,4090,3040,2480,1840,1320,3240,3948500
"2002Q3",54820,55810,57300,55780,57330,57240,57800,59210,59280,60850,61660,63440,63410,60910,60140,58410,57740,57590,57670,58210,57380,56170,53590,51970,49290,48540,48180,49710,51760,54090,57760,60030,58980,59820,59310,59540,59520,60300,62150,64300,64600,63910,61950,60560,58270,57300,56300,54390,52970,50750,50470,49570,49450,48540,48670,49320,42850,40090,37570,34120,36700,36750,34920,31700,30120,28750,27730,26040,25740,25050,24820,25260,24630,23370,22790,21720,20880,19800,18630,16900,16240,14970,14400,10340,9660,8950,8110,7000,6110,4890,4160,3000,2510,1830,1340,3160,3967600
"2002Q4",54960,55790,57390,56510,56620,57450,57980,59090,59350,60940,61450,63160,63890,61730,60340,59020,57840,57650,57800,58200,58260,56190,54460,52620,50160,48820,49010,49410,51960,54190,57700,60150,59610,60040,59980,59500,59990,60260,62190,64190,64950,64140,63030,60590,59250,57490,57100,54800,53360,50980,50960,49540,49710,48590,48950,48900,45490,40780,37880,34960,35790,36690,35670,32440,30390,29120,28010,26140,26130,24830,24870,24860,24870,23450,22940,21630,20990,19800,18900,17160,16070,14980,14490,10890,9840,8770,8250,6960,6200,4910,4240,3050,2580,1800,1380,3170,3989500
"2003Q1",55540,55170,57250,57520,56200,58090,57260,59150,59850,60590,61160,63260,64420,62440,60770,60100,58250,58340,58480,58980,59530,57210,55540,53440,50980,49050,49410,49040,51790,54130,57110,60290,60240,60310,60540,59700,60210,60500,61590,63730,65450,64630,63520,61320,59800,58050,57100,55600,53610,51760,50940,49940,49480,48910,48640,48680,47760,41210,38230,36300,34460,37040,36420,32680,30760,29360,28130,26580,25990,24910,24940,24500,24970,23690,22680,21790,21020,20030,19050,17330,16020,15260,14230,11770,9900,8650,8350,6990,6240,4970,4290,3230,2510,1900,1390,3250,4013300
"2003Q2",55920,55020,56820,57840,56240,58040,57760,58800,60020,60250,61740,62680,64440,63320,61110,60310,58570,58520,58630,59250,59460,57780,55850,53550,51720,49140,49370,49000,51280,53960,56560,60000,61050,59990,60610,60360,60410,60250,61340,63670,64960,65210,64070,61880,60920,58120,57320,56060,54030,52630,50770,50260,49330,49400,48400,48700,48980,41280,39190,37480,33500,37150,36630,33820,30810,29530,28390,26930,25830,25040,24820,24370,24840,23810,22600,22220,20850,19950,19260,17390,16100,15320,13920,12600,9810,8670,8240,7090,6230,5150,4240,3390,2480,1930,1400,3290,4027200
"2003Q3",56270,54920,56480,58060,56510,57880,57870,58560,60100,60090,61680,62530,64130,64040,61570,60890,59360,58800,59040,59210,59760,58350,56460,53960,52380,49850,49320,49280,51200,53510,56170,59610,61470,60210,61110,60520,60590,60430,61340,63130,65220,65370,64610,62590,61110,58800,57780,56650,54690,53130,50910,50560,49620,49430,48530,48600,49270,42860,40080,37490,34010,36620,36620,34770,31490,29870,28490,27430,25640,25340,24540,24290,24700,24040,22700,22080,21010,20080,18960,17820,15980,15300,13960,13400,9490,8760,8040,7200,6100,5240,4140,3450,2440,1980,1410,3260,4044600
"2003Q4",56790,54950,56330,58010,57230,57160,57950,58600,59950,60070,61660,62170,63690,64430,62250,60980,59840,58770,58830,59050,59470,59210,56450,54640,52920,50680,49510,50050,50740,53550,56070,59330,61480,60780,61220,61170,60460,60810,61210,63030,65030,65670,64770,63610,61030,59660,57910,57480,55040,53480,51120,51020,49530,49700,48500,48870,48860,45440,40790,37760,34860,35680,36550,35510,32210,30170,28870,27710,25730,25750,24330,24370,24280,24280,22820,22240,20910,20200,18990,18040,16260,15140,13950,13460,9980,8960,7890,7330,6110,5310,4140,3550,2490,2020,1380,3330,4061600
"2004Q1",57460,55400,55620,57830,58160,56780,58460,57830,59910,60550,61270,61860,63780,64910,62950,61370,60900,59060,59150,59380,59700,59840,57000,55250,53260,51200,49530,50220,50340,53280,55750,58710,61440,61240,61440,61560,60610,60960,61350,62300,64530,66150,65230,64060,61710,60140,58360,57500,55770,53740,51830,51030,49900,49440,48830,48500,48610,47720,41200,38110,36230,34300,36910,36220,32450,30560,29070,27800,26180,25580,24430,24400,23900,24390,23010,21990,21060,20230,19190,18180,16440,15100,14190,13190,10760,8980,7770,7420,6170,5340,4190,3600,2640,1980,1460,3400,4078700
"2004Q2",57930,55660,55370,57300,58390,56790,58350,58150,59400,60690,60850,62370,63140,64910,63780,61700,60990,59280,59200,59280,59740,59520,57400,55270,53190,51630,49410,50060,50090,52630,55410,58010,61060,62000,60890,61550,61150,61030,60960,61970,64390,65620,65770,64560,62180,61230,58390,57600,56300,54190,52710,50810,50210,49220,49320,48250,48610,48920,41230,39060,37390,33390,36990,36450,33630,30590,29270,28050,26550,25390,24650,24270,23840,24220,23230,21950,21450,20070,19120,18400,16520,15190,14330,12860,11570,8870,7810,7300,6250,5360,4320,3530,2760,1950,1480,3470,4087500
"2004Q3",58120,55980,55250,56910,58500,57030,58170,58110,59110,60700,60620,62240,63020,64560,64450,62130,61700,59890,59270,59430,59530,59610,57940,55770,53410,52030,49990,49860,50180,52440,54830,57450,60620,62320,60980,61930,61260,61230,61000,61980,63720,65830,65830,65020,62890,61390,59030,57920,56900,54840,53160,50970,50490,49500,49320,48400,48470,49200,42750,39990,37370,33900,36460,36410,34610,31280,29660,28170,27050,25230,24970,24030,23770,24070,23400,22060,21320,20240,19210,18100,16950,15070,14310,12920,12260,8580,7840,7130,6290,5250,4380,3400,2820,1930,1480,3460,4100600
"2004Q4",57810,56470,55190,56740,58420,57730,57470,58110,59010,60540,60440,62090,62640,64020,64790,62650,61580,60380,59050,59270,59310,59390,58770,55980,54090,52530,50750,49940,50890,51930,54760,57190,60280,62280,61570,61970,61870,61000,61250,61780,63470,65570,66110,65130,63880,61230,59850,58000,57670,55190,53520,51210,50930,49420,49600,48390,48740,48750,45350,40710,37640,34780,35510,36350,35320,32000,29970,28590,27350,25350,25340,23830,23850,23670,23600,22170,21490,20150,19330,18170,17110,15350,14160,12910,12380,8980,8010,7000,6380,5270,4430,3420,2890,1960,1520,3460,4114300
"2005Q1",57880,57080,55590,55890,58230,58570,57050,58530,58070,60360,60880,61600,62250,64020,65160,63300,61890,61300,58980,59460,59400,59310,59050,56330,54530,52780,51140,49890,51030,51360,54480,56790,59580,62140,62000,62120,62170,61130,61320,61820,62680,64880,66520,65520,64290,61840,60320,58420,57620,55800,53780,51880,51000,49740,49300,48730,48420,48520,47620,41130,37990,36120,34130,36730,36040,32240,30330,28800,27470,25830,25160,24030,23870,23310,23710,22360,21300,20330,19440,18300,17260,15510,14140,13200,12130,9790,8000,6910,6440,5300,4480,3430,2900,2110,1480,3570,4126600
"2005Q2",57760,57440,55870,55580,57670,58750,57060,58470,58300,59810,61070,61180,62720,63370,65180,64090,62180,61330,59220,59270,59380,59300,58700,56510,54490,52650,51450,49750,50840,51180,53800,56430,58820,61740,62710,61550,62230,61670,61380,61410,62350,64730,65950,66030,64790,62340,61390,58500,57630,56330,54200,52700,50760,50100,49090,49230,48100,48540,48820,41100,38960,37230,33230,36810,36250,33410,30350,29030,27750,26200,24990,24230,23760,23290,23560,22500,21260,20650,19290,18240,17470,15590,14220,13310,11830,10550,7940,6970,6340,5400,4520,3520,2890,2200,1490,3650,4133900
"2005Q3",57910,57610,56160,55410,57240,58860,57350,58260,58250,59450,61120,60930,62540,63320,64760,64750,62740,61900,59910,59250,59520,59150,58750,56870,54940,52850,51760,50180,50460,51190,53530,55790,58170,61240,63010,61710,62580,61760,61580,61320,62360,64030,66130,66040,65230,63050,61510,59140,57940,56960,54780,53090,50920,50360,49340,49160,48280,48310,49050,42620,39870,37250,33740,36260,36230,34370,31000,29440,27860,26750,24860,24530,23540,23270,23460,22730,21430,20540,19500,18330,17180,16060,14080,13330,11910,11210,7720,7020,6270,5450,4480,3600,2820,2260,1500,3700,4145900
"2005Q4",58420,57410,56670,55400,56990,58780,58110,57610,58240,59320,61020,60840,62440,63030,64310,65050,63190,61930,60430,58970,59470,59100,58690,57920,55200,53540,52280,50910,50360,51660,52900,55620,57840,60870,62920,62300,62560,62400,61400,61560,62260,63820,65920,66350,65330,64090,61360,59930,58040,57780,55110,53360,51160,50830,49260,49440,48260,48550,48600,45190,40600,37450,34650,35330,36200,35080,31700,29720,28290,27050,25000,24900,23370,23330,23080,22950,21520,20760,19410,18490,17250,16180,14390,13170,11910,11340,8130,7150,6200,5530,4500,3650,2810,2350,1540,3740,4161000
"2006Q1",58540,57530,57330,55820,56060,58670,58980,57290,58690,58400,60890,61290,62020,62700,64390,65510,63900,62300,61250,59160,59760,59190,58690,58330,55530,54070,52700,51360,50500,51800,52390,55370,57420,60230,62780,62730,62800,62830,61610,61670,62320,63120,65290,66890,65730,64500,61990,60390,58510,57750,55740,53660,51810,50930,49610,49150,48590,48220,48390,47440,40980,37860,35970,33990,36570,35830,31970,30090,28510,27200,25450,24760,23600,23300,22720,23090,21680,20610,19550,18580,17420,16300,14570,13130,12220,11090,8850,7160,6120,5600,4550,3690,2820,2350,1660,3780,4176100
"2006Q2",59060,57370,57690,56110,55770,58040,59190,57470,58580,58590,60360,61540,61630,63140,63770,65620,64600,62700,61320,59320,59540,59210,58640,57970,55830,53990,52620,51740,50350,51670,52260,54790,57040,59510,62410,63500,62200,62910,62160,61790,61930,62810,65110,66360,66280,64990,62460,61450,58580,57680,56330,54100,52590,50670,49950,48930,49100,47920,48370,48680,40960,38840,37080,33120,36660,36070,33180,30110,28750,27430,25850,24590,23790,23190,22750,22900,21850,20550,19860,18440,17410,16510,14670,13230,12350,10790,9520,7090,6190,5490,4630,3720,2870,2330,1710,3810,4184600
"2006Q3",59390,57680,57930,56430,55720,57690,59340,57840,58560,58580,59990,61630,61300,62850,63610,65120,65250,63030,61900,59830,59270,59230,58420,57840,56210,54460,52800,52070,50830,51270,52210,54550,56470,58780,62040,63760,62360,63210,62320,62040,61740,62840,64430,66520,66300,65380,63150,61560,59140,57930,56960,54670,52930,50810,50210,49240,49030,48160,48170,48920,42430,39800,37070,33640,36100,36050,34120,30700,29160,27520,26390,24440,24030,22980,22700,22810,22030,20620,19740,18640,17450,16280,15070,13140,12270,10840,10120,6880,6160,5430,4610,3720,2900,2250,1760,3740,4195500
"2006Q4",60180,58190,57740,56980,55690,57460,59310,58640,58090,58660,59860,61490,61130,62690,63230,64450,65270,63350,61750,60300,58900,59090,58290,57810,57220,54760,53570,52550,51560,51270,52640,53820,56350,58430,61560,63610,62980,63080,63000,61810,61990,62640,64180,66200,66660,65420,64190,61350,59880,58000,57760,55010,53180,51060,50660,49140,49310,48140,48380,48460,45010,40470,37290,34480,35170,35980,34790,31400,29370,27920,26630,24590,24370,22820,22720,22420,22280,20720,19950,18530,17560,16370,15200,13420,12130,10910,10270,7200,6270,5360,4660,3750,2950,2200,1830,3770,4209100
"2007Q1",61160,58330,57790,57590,56130,56520,59210,59490,57880,59200,58950,61270,61550,62180,62760,64450,65600,63910,61750,61060,58960,59110,57940,57510,57430,54900,53830,52770,51820,51340,52620,53260,56060,57960,60860,63390,63320,63250,63290,61970,62010,62630,63390,65470,67050,65840,64500,61950,60290,58370,57630,55560,53460,51640,50720,49460,48980,48460,48050,48240,47250,40830,37640,35750,33770,36330,35450,31660,29710,28120,26710,25010,24250,23020,22680,22070,22370,20910,19780,18650,17670,16490,15330,13640,12120,11190,10020,7890,6280,5330,4710,3790,2980,2210,1810,3900,4219400
"2007Q2",62130,59010,57590,57940,56430,56240,58590,59730,58040,59180,59180,60730,61730,61700,63040,63690,65470,64350,61950,60820,58930,58530,57810,57160,56760,54990,53720,52460,52150,51130,52420,53030,55340,57640,60080,62950,64000,62610,63300,62450,62120,62150,62990,65240,66450,66310,64900,62380,61330,58330,57490,56120,53890,52390,50450,49700,48820,48870,47760,48260,48440,40790,38630,36830,32870,36410,35670,32830,29670,28350,26910,25330,24100,23180,22560,22100,22180,21050,19780,18940,17570,16440,15520,13710,12220,11270,9810,8480,6230,5370,4650,3850,3050,2270,1820,3970,4223800
"2007Q3",63190,59360,57810,58140,56700,56130,58120,59860,58370,59120,59130,60460,61750,61390,62800,63530,65190,64860,62440,61380,59370,58320,57920,57030,56590,55200,53980,52670,52350,51450,52000,52910,55050,57060,59260,62480,64220,62740,63570,62570,62300,61970,62890,64480,66560,66290,65330,63060,61430,58870,57760,56720,54390,52720,50630,49970,49100,48780,48000,48030,48710,42240,39550,36810,33370,35830,35660,33730,30260,28730,27000,25860,23920,23440,22390,22030,22090,21250,19840,18880,17740,16530,15270,14070,12170,11180,9890,9030,6070,5370,4610,3870,3060,2320,1780,3990,4234300
"2007Q4",63940,60070,58230,57850,57170,56110,57820,59780,59170,58520,59180,60260,61590,61170,62650,63000,64440,65020,62780,61290,59710,58170,57830,56880,56630,56120,54090,53200,52630,51980,51850,53180,54260,56820,58840,61920,63970,63270,63320,63260,61990,62140,62730,64230,66150,66560,65340,64010,61170,59650,57800,57480,54700,52950,50840,50480,48940,49120,47920,48200,48320,44780,40250,37070,34250,34860,35660,34390,30960,28920,27430,26110,24090,23800,22230,22090,21710,21470,19930,19110,17570,16680,15340,14150,12460,11060,9870,9160,6400,5460,4560,3920,3120,2380,1750,4070,4245700
"2008Q1",64500,60940,58390,57880,57680,56510,56840,59640,59990,58280,59610,59360,61410,61550,62140,62590,64320,65510,63040,61540,60580,58250,57750,56710,56330,56410,54120,53510,52920,52230,51930,53170,53630,56460,58350,61160,63690,63640,63260,63510,62140,62160,62700,63380,65380,66930,65730,64290,61730,60090,58140,57330,55250,53200,51470,50550,49230,48790,48200,47870,48120,46980,40610,37420,35540,33540,35980,35040,31260,29300,27640,26200,24480,23710,22380,22070,21410,21610,20100,18940,17720,16770,15480,14220,12630,11080,10100,8940,6980,5490,4520,3960,3140,2450,1760,4170,4255600
"2008Q2",64410,61900,59040,57640,58050,56710,56630,58940,60200,58480,59560,59600,60970,61740,61670,62970,63450,65490,63510,61610,60530,58210,57320,56570,56110,55740,54200,53430,52600,52610,51720,53070,53370,55660,58090,60350,63300,64330,62740,63450,62630,62220,62210,62920,65100,66280,66180,64680,62120,61090,58060,57240,55790,53620,52210,50200,49490,48650,48600,47590,48100,48170,40570,38430,36610,32650,36050,35250,32410,29240,27880,26370,24840,23550,22580,21910,21440,21430,20230,18940,18000,16600,15430,14400,12690,11210,10190,8710,7470,5440,4560,3920,3180,2500,1780,4230,4259800
"2008Q3",64460,62920,59410,57860,58190,56970,56450,58420,60250,58770,59540,59470,60670,61850,61330,62810,63570,65060,64230,62080,61150,58780,57200,56630,55880,55570,54560,53620,52770,52790,52030,52630,53290,55380,57390,59620,62740,64560,62920,63580,62770,62380,62020,62770,64380,66380,66130,65130,62810,61120,58580,57460,56420,54050,52540,50430,49750,48860,48480,47780,47830,48470,41970,39330,36580,33170,35540,35230,33290,29820,28250,26490,25300,23390,22780,21750,21330,21320,20390,18990,17960,16750,15550,14170,12950,11180,10060,8760,7980,5260,4600,3830,3170,2490,1810,4190,4269600
"2008Q4",64420,63700,60070,58290,57870,57440,56280,58020,60110,59520,58810,59560,60480,61680,61170,62650,63020,64320,64480,62400,61120,59140,57140,56680,55960,55770,55470,53670,53280,53030,52520,52400,53580,54530,57090,59160,62210,64220,63480,63380,63380,62020,62110,62630,64090,66000,66360,65090,63780,60900,59330,57450,57180,54340,52750,50690,50180,48690,48840,47670,47960,48110,44490,39960,36820,34020,34570,35240,33940,30540,28440,26910,25540,23530,23120,21600,21410,20970,20600,19080,18150,16620,15680,14280,13000,11420,9990,8770,8150,5500,4670,3790,3230,2530,1840,4200,4280300
"2009Q1",64060,64300,60990,58520,58030,57860,56730,57130,59940,60350,58610,60000,59660,61550,61600,62150,62750,64360,65050,63000,61500,60200,57310,56880,55940,55590,55830,53880,53730,53340,52820,52590,53570,53870,56720,58740,61460,63970,63930,63430,63700,62240,62070,62660,63250,65270,66710,65520,64110,61480,59760,57860,57000,54960,53000,51320,50330,48960,48550,48000,47640,47870,46690,40320,37230,35300,33240,35650,34600,30820,28800,27130,25590,23930,23060,21750,21400,20680,20740,19200,18030,16770,15770,14430,13120,11550,10040,8990,7950,6030,4670,3780,3260,2560,1920,4270,4293500
"2009Q2",63900,64240,62020,59190,57860,58280,56980,56880,59320,60630,58870,59960,59990,61230,61810,61710,63130,63620,64960,63600,61730,60270,57670,56660,56020,55720,55320,54210,53750,53200,53340,52440,53410,53660,56070,58550,60720,63620,64610,62990,63660,62750,62270,62180,62860,65040,66140,65990,64560,61920,60880,57800,56950,55560,53400,52110,50060,49310,48440,48380,47430,47890,47940,40340,38230,36370,32400,35740,34840,31970,28750,27360,25830,24240,22940,21930,21280,20710,20610,19320,18020,17040,15640,14380,13330,11610,10170,9110,7730,6530,4610,3810,3200,2570,1960,4320,4302600
"2009Q3",63940,64380,63110,59580,58110,58460,57250,56670,58830,60760,59180,59980,59920,60990,62010,61490,63180,63730,64850,64510,62350,61080,58390,56800,56260,55810,55450,54680,54010,53470,53540,52760,53070,53600,55810,57870,59970,63120,64900,63170,63820,62970,62420,62060,62760,64310,66260,66000,64990,62720,60900,58370,57240,56250,53810,52470,50300,49640,48710,48270,47630,47650,48280,41790,39130,36380,32910,35240,34850,32830,29350,27770,25960,24710,22810,22150,21150,20680,20530,19500,18070,17000,15800,14510,13080,11880,10170,9060,7770,6970,4470,3830,3170,2540,1970,4380,4317300
"2009Q4",64070,64430,63940,60280,58540,58140,57690,56560,58400,60730,59950,59370,60050,60920,61950,61290,63060,63330,64370,64850,62900,61290,59110,57090,56590,56140,55910,55680,54080,54020,53780,53230,52790,53960,54890,57520,59610,62560,64550,63760,63710,63600,62140,62190,62610,64100,65910,66260,64960,63700,60730,59200,57250,57000,54170,52670,50600,50140,48590,48670,47540,47800,47940,44350,39750,36660,33760,34280,34860,33470,30050,27960,26390,24950,22950,22490,21020,20690,20240,19730,18140,17210,15670,14620,13220,11870,10380,8960,7740,7090,4690,3910,3100,2600,1990,4400,4332100
"2010Q1",64410,64080,64500,61220,58690,58300,58110,57030,57520,60470,60890,59130,60510,60100,62000,61900,62700,63210,64290,65690,63610,61680,60050,57320,56660,56030,55860,56040,54180,54310,53950,53350,52910,53920,54190,57170,59160,61920,64230,64220,63650,63870,62350,62190,62660,63250,65280,66520,65440,63960,61290,59640,57720,56830,54850,52880,51250,50310,48860,48390,47860,47510,47710,46540,40130,37040,35040,32940,35270,34130,30360,28340,26630,25000,23330,22420,21140,20710,19980,19900,18250,17090,15800,14730,13340,12030,10500,8980,7970,6900,5150,3910,3110,2610,2020,4590,4345700
"2010Q2",64540,63950,64400,62140,59310,58080,58510,57190,57240,59760,61130,59310,60500,60430,61630,62210,62230,63630,63520,65540,64290,61810,59950,57350,56350,55660,55640,55430,54330,53970,53780,53750,52660,53640,53930,56400,58870,61030,63870,64780,63150,63790,62860,62310,62220,62790,64940,65960,65850,64390,61730,60720,57620,56850,55390,53240,51980,49990,49230,48280,48240,47310,47720,47680,40190,38040,36130,32060,35370,34370,31510,28270,26880,25250,23630,22290,21310,20580,20000,19830,18420,17080,16050,14610,13280,12240,10530,9120,8070,6720,5570,3860,3160,2580,2020,4650,4350700
"2010Q3",64400,63990,64440,63260,59650,58300,58580,57460,57050,59170,61250,59600,60440,60420,61370,62520,62090,63530,63750,65450,65200,62370,60840,58020,56260,55830,55480,55400,54660,54070,53890,53940,52900,53230,53810,56010,58160,60190,63270,65030,63340,63900,63040,62400,62070,62670,64210,66080,65760,64840,62480,60740,58130,57090,56050,53620,52320,50210,49540,48580,48140,47540,47480,48010,41600,38930,36140,32640,34840,34410,32350,28880,27250,25430,24090,22170,21520,20500,19910,19780,18600,17160,16000,14730,13410,12010,10740,9110,8060,6770,5960,3750,3170,2580,2020,4650,4362700
"2010Q4",64060,64090,64460,63950,60270,58620,58230,57870,56880,58740,61070,60330,59720,60500,61300,62350,61800,63450,63410,64830,65600,63120,60840,58690,56530,56060,55590,55460,55550,54000,54290,54100,53280,52860,54080,55100,57730,59720,62690,64640,63850,63790,63610,62120,62130,62510,63940,65700,65980,64780,63470,60530,58930,57030,56820,53960,52490,50460,50010,48490,48500,47450,47590,47740,44150,39560,36440,33460,33920,34430,32970,29600,27420,25900,24350,22300,21840,20380,19970,19490,18840,17210,16200,14640,13540,12130,10820,9320,7970,6780,6040,3970,3240,2510,2070,4690,4373900
"2011Q1",63600,64350,64080,64400,61160,58700,58350,58200,57180,57780,60750,61180,59450,60940,60540,62270,62530,62990,63020,64930,66420,63580,61100,59390,56600,55920,55320,55160,55690,54110,54360,54310,53360,52900,54000,54270,57300,59230,62070,64210,64250,63710,63820,62310,62070,62530,63050,65050,66240,65220,63640,61050,59340,57440,56590,54590,52690,51070,50150,48740,48280,47750,47340,47510,46330,39940,36790,34750,32620,34850,33600,29860,27810,26100,24420,22700,21780,20500,19930,19240,19030,17360,16060,14810,13610,12190,10980,9380,7970,6980,5890,4310,3240,2490,2070,4800,4382500
"2011Q2",62800,64520,63840,64240,62060,59290,58020,58510,57320,57430,60030,61370,59590,60830,60850,61890,62720,62630,63390,63930,66170,64210,61080,59130,56640,55610,54930,54960,55090,54290,54070,53980,53770,52580,53720,53970,56490,58950,61100,63850,64800,63120,63750,62770,62190,62060,62570,64700,65650,65580,64030,61400,60390,57250,56590,55070,53030,51830,49830,49040,48190,48080,47170,47520,47460,40030,37750,35840,31740,34960,33840,30930,27740,26300,24710,22990,21670,20670,19790,19210,18970,17470,16070,14990,13570,12120,11160,9410,8100,7020,5760,4640,3170,2550,2030,4840,4384000
"2011Q3",62310,64380,63870,64200,63080,59520,58120,58520,57450,57170,59330,61450,59790,60720,60770,61710,63020,62270,63570,64090,65790,64930,61620,59860,57190,55600,55110,54760,55040,54570,54200,54040,53900,52750,53250,53850,56030,58180,60230,63170,64970,63270,63830,62920,62280,61850,62360,63920,65770,65390,64480,62090,60360,57770,56790,55760,53380,52140,50070,49370,48460,47970,47390,47270,47840,41450,38610,35850,32300,34450,33910,31770,28330,26650,24840,23430,21500,20830,19740,19090,18910,17610,16160,14930,13660,12250,10890,9640,8010,7020,5760,4970,3010,2560,1980,4820,4392000
"2011Q4",61560,63910,63910,64240,63720,60110,58390,58060,57790,56810,58790,61330,60410,59920,60880,61640,62780,61980,63410,63660,65200,65230,62240,59940,57790,55770,55300,54820,54990,55270,54030,54340,53930,53120,52810,54020,55110,57690,59710,62640,64530,63750,63670,63480,62000,61880,62240,63720,65360,65590,64410,63050,60120,58580,56690,56530,53690,52280,50330,49820,48350,48350,47310,47370,47580,43940,39260,36080,33140,33490,33940,32410,29010,26820,25330,23700,21640,21120,19630,19130,18590,17880,16230,15100,13590,12390,10980,9650,8180,6880,5790,5030,3200,2590,1920,4900,4399400
"2012Q1",61230,63490,64070,63830,64180,60970,58410,58150,57990,57110,57850,60920,61310,59590,61300,60910,62750,62690,62850,63610,65110,65850,62510,60080,58280,55860,55150,54690,54690,55480,54070,54380,54130,53160,52740,53950,54220,57270,59210,62020,64050,64200,63470,63700,62160,61810,62190,62770,64700,65820,64850,63200,60620,59000,57130,56300,54300,52530,50910,49990,48600,48130,47610,47110,47370,46120,39600,36470,34400,32200,34370,33040,29290,27210,25520,23780,22010,21050,19760,19130,18390,18000,16370,15030,13730,12520,11040,9820,8250,6910,5960,4940,3500,2590,1940,4950,4406500
"2012Q2",61190,62690,64240,63650,63960,61790,58980,57810,58330,57190,57430,60170,61550,59740,61110,61330,62350,63010,62340,63810,64160,65510,62910,59990,58090,55810,54880,54380,54550,54890,54260,54140,53750,53630,52540,53660,53930,56470,58890,61180,63760,64770,62990,63570,62600,61970,61740,62260,64300,65260,65160,63690,60970,60020,56990,56360,54810,52870,51690,49690,48930,48030,47920,47050,47340,47240,39740,37380,35470,31360,34470,33270,30390,27180,25700,24060,22290,20950,19950,19010,18320,18000,16480,15090,13840,12510,10970,10010,8270,7000,5970,4810,3790,2510,2000,4970,4408100
"2012Q3",61010,62150,64100,63670,63980,62770,59250,57860,58360,57300,57150,59450,61610,59970,61010,61300,62270,63290,62280,63850,64170,65240,63590,60330,58640,56360,54860,54620,54250,54900,54440,54210,53830,53670,52640,53200,53870,56040,58170,60320,63170,64940,63200,63640,62870,62050,61570,62000,63540,65390,64930,64120,61710,60030,57480,56560,55470,53170,52020,49920,49250,48330,47770,47280,47100,47660,41140,38270,35450,31930,33920,33370,31200,27750,26030,24220,22730,20790,20080,19020,18180,17970,16600,15160,13800,12540,11100,9720,8480,6920,5960,4810,4030,2390,2010,4890,4415600
"2012Q4",61720,61470,63710,63690,63970,63470,59800,58130,57950,57640,56830,58850,61440,60630,60130,61300,62260,63060,62140,63670,63890,64600,64180,61150,58990,56950,55220,54920,54460,54850,55260,54010,54120,53750,52990,52760,54100,55110,57820,59790,62680,64500,63750,63540,63320,61860,61650,61840,63380,65010,65130,63970,62730,59790,58260,56500,56220,53470,52170,50200,49690,48240,48170,47200,47210,47420,43680,38900,35740,32730,33020,33450,31820,28450,26200,24670,23020,20900,20360,18940,18230,17720,16860,15190,13970,12490,11200,9830,8490,7050,5870,4820,4070,2560,2040,4870,4425900
"2013Q1",61140,61330,63350,63920,63620,63950,60660,58110,58000,57920,57070,57900,61020,61510,59850,61760,61650,63120,62620,63460,63960,64560,64860,61600,59370,57680,55500,54850,54580,54580,55620,54180,54160,54020,53070,52770,54060,54320,57380,59420,62120,64080,64290,63460,63550,62120,61620,61850,62490,64390,65450,64480,62870,60330,58710,56910,56010,54110,52410,50770,49860,48470,47950,47480,46950,47180,45860,39300,36140,34020,31760,33870,32480,28770,26560,24880,23080,21280,20300,19030,18220,17520,17000,15370,13970,12540,11360,9850,8660,7110,5900,4950,4010,2810,2020,4950,4436000
"2013Q2",60270,61360,62540,64280,63480,63820,61570,58750,57690,58240,57220,57510,60350,61710,59980,61560,62000,62870,62920,63130,64400,63910,64820,62250,59530,57790,55740,54790,54540,54630,55160,54570,54050,53710,53610,52600,53800,54130,56640,59190,61370,63820,64890,63060,63440,62580,61920,61470,61970,64060,64990,64870,63340,60740,59720,56760,56170,54590,52710,51520,49600,48810,47900,47750,46940,47130,46990,39440,37120,35090,30930,33980,32710,29850,26580,25040,23380,21550,20210,19160,18190,17420,17060,15400,14060,12670,11370,9800,8820,7120,5990,5000,3920,3060,1970,5010,4442100
"2013Q3",59420,61280,62210,64170,63590,63920,62620,59160,57790,58310,57410,57280,59590,61720,60170,61470,61960,62690,63460,62870,64450,64330,64810,63360,60380,58820,56720,55200,55260,54840,55410,54990,54570,54110,53990,52890,53480,54200,56360,58570,60650,63360,65140,63450,63650,62920,62040,61510,61790,63470,65230,64700,63870,61480,59780,57330,56370,55270,53050,51820,49860,49180,48180,47650,47130,46880,47400,40790,37930,35080,31530,33370,32850,30560,27180,25410,23500,21980,20030,19320,18200,17280,17050,15560,14120,12640,11440,9950,8610,7370,5930,5010,3980,3290,1880,5050,4457900
"2013Q4",58600,62070,61630,63840,63770,63990,63420,59820,58140,58000,57770,57030,59060,61560,60730,60490,61940,62740,63260,62860,64520,64410,64670,64380,61580,59710,57730,56190,55790,55550,55730,56160,54710,54700,54240,53460,53270,54520,55500,58280,60240,63140,64800,64180,63750,63480,61960,61670,61790,63380,64970,65100,63890,62510,59650,58190,56370,56060,53400,52030,50150,49630,48120,48020,47070,46990,47140,43330,38520,35370,32320,32500,32870,31210,27890,25580,23960,22300,20170,19540,18090,17360,16770,15870,14170,12860,11360,10150,8730,7400,6060,4950,4080,3320,2060,5060,4477400
"2014Q1",58140,61540,61610,63640,64190,63780,64040,60830,58340,58140,58190,57350,58310,61320,61710,60310,62430,62330,63600,63900,64540,64920,65250,65770,62710,60680,59290,56830,56220,56130,55970,56900,55260,55140,54920,53860,53490,54690,54880,58050,60040,62700,64600,64800,63890,63910,62360,61790,61970,62590,64510,65520,64450,62760,60270,58700,56890,55880,54010,52300,50740,49820,48400,47800,47330,46730,46850,45480,38910,35740,33580,31300,33270,31850,28170,25980,24190,22390,20510,19500,18210,17360,16580,15990,14280,12890,11420,10300,8770,7590,6160,5010,4160,3300,2270,5130,4501100
"2014Q2",58530,60520,61820,62950,64560,63750,64050,61820,59020,57990,58510,57640,57980,60680,61890,60510,62150,62650,63510,64500,64590,65480,65110,65970,63860,61190,59780,57650,56710,56360,56490,56780,55920,55350,54880,54670,53540,54620,54890,57320,59900,62060,64510,65480,63700,63930,62980,62150,61660,62210,64270,65140,64930,63330,60700,59740,56870,56020,54500,52630,51440,49580,48760,47710,47540,46680,46760,46520,39040,36610,34620,30420,33390,32050,29210,25990,24370,22660,20790,19410,18340,17300,16430,16030,14340,12950,11580,10280,8770,7770,6180,5080,4180,3250,2470,5110,4516500
"2014Q3",58290,59800,61830,62740,64580,63940,64220,62900,59490,58180,58640,57850,57820,60070,62040,60830,62180,62760,63570,65200,64810,65850,66110,66630,65390,62360,61200,59020,57400,57280,56880,57220,56560,55990,55480,55080,53940,54530,54970,57110,59380,61400,64160,65850,64110,64270,63350,62350,61720,62070,63720,65430,64910,63930,61450,59830,57490,56310,55160,53040,51780,49840,49090,47980,47500,46860,46530,46880,40390,37480,34550,31030,32780,32210,29980,26540,24730,22780,21200,19270,18480,17290,16270,15960,14480,13020,11480,10320,8890,7560,6340,5040,4190,3270,2590,5030,4540300
"2014Q4",58520,59080,62590,62250,64370,64170,64400,63680,60150,58600,58370,58280,57530,59600,62010,61350,61240,62690,63720,64920,65050,65990,66360,66930,66680,63940,62180,60350,58610,57930,57660,57640,57850,56170,56150,55530,54620,54320,55410,56360,59120,61020,63900,65540,64850,64310,64070,62420,61910,62080,63660,65240,65350,64000,62590,59760,58340,56430,55900,53360,52090,50130,49600,47970,47870,46870,46610,46620,42830,38000,34890,31810,31900,32240,30560,27240,24890,23250,21560,19350,18710,17210,16340,15670,14740,13050,11660,10200,8990,7660,6410,5100,4110,3310,2660,5150,4564400
"2015Q1",58880,58660,62100,62300,64080,64600,64160,64360,61210,58780,58600,58660,57980,58920,61910,62370,61200,63260,63360,65440,66070,66160,67060,67910,68200,65310,63210,62170,59380,58700,58400,57940,58470,56820,56640,56210,55030,54590,55690,55840,58900,60840,63550,65390,65440,64510,64500,62790,62150,62240,62940,64760,65760,64570,62830,60400,58820,57030,55720,53940,52410,50660,49800,48350,47620,47080,46420,46380,44840,38410,35260,33010,30720,32600,31160,27510,25320,23450,21570,19710,18680,17300,16340,15490,14870,13180,11690,10280,9080,7750,6560,5160,4170,3390,2610,5320,4591900
"2015Q2",58870,59020,61290,62450,63580,65080,64140,64370,62200,59460,58510,58900,58320,58670,61280,62590,61420,63020,63520,65320,66360,66140,67290,67820,68550,66560,63780,62710,60400,59320,58830,58770,58440,57610,56940,56270,55990,54620,55710,55830,58210,60740,62850,65330,66180,64350,64470,63450,62540,61940,62620,64510,65450,65060,63410,60860,59860,57060,55910,54460,52720,51380,49560,48730,47500,47370,46290,46350,45910,38550,36100,34040,29880,32730,31350,28510,25280,23650,21850,20010,18560,17450,16270,15370,14930,13200,11800,10380,9090,7700,6730,5230,4190,3410,2570,5490,4609400
"2015Q3",59180,58840,60700,62530,63430,65100,64340,64580,63370,59930,58700,59110,58440,58500,60790,62910,61820,62950,63730,65160,67130,66440,67720,68910,69260,68220,65120,64090,62050,60180,59990,59210,59020,58360,57560,57010,56420,55170,55740,55910,57990,60250,62240,65060,66530,64710,64870,63830,62820,62050,62470,64040,65690,65100,64060,61580,59970,57670,56300,55030,53170,51770,49820,49080,47740,47280,46550,46110,46370,39870,36960,34000,30480,32110,31490,29230,25810,24020,21920,20360,18480,17570,16290,15230,14760,13370,11850,10310,9160,7750,6540,5370,4160,3410,2560,5490,4636300
"2015Q4",59140,59080,59980,63490,62980,64940,64590,64800,64180,60650,59130,58960,58820,58200,60390,63040,62250,62050,63560,65210,66910,66750,67850,69320,69800,69800,67060,65230,63640,61500,60710,60140,59690,59640,57740,57690,57050,55910,55560,56420,57320,59970,61920,64840,66260,65560,64880,64630,62910,62220,62450,63990,65470,65590,64180,62670,59900,58510,56590,55680,53470,52180,50040,49530,47810,47610,46560,46220,46110,42260,37460,34370,31250,31250,31500,29740,26520,24110,22420,20720,18520,17820,16210,15310,14550,13560,11950,10480,9060,7850,6620,5400,4250,3350,2610,5660,4663700
"2016Q1",59340,59530,59570,63160,63090,64820,65100,64630,64850,61800,59430,59210,59290,58680,59890,63110,63390,62190,64100,64950,67300,67590,67880,69700,70760,71410,68520,66260,65560,62450,61540,60950,60240,60390,58550,58300,57700,56430,55960,56690,56900,59900,61800,64470,66180,66100,65190,65080,63320,62500,62650,63310,65090,66020,64780,62890,60620,58980,57220,55620,54000,52500,50580,49740,48210,47390,46810,46070,45950,44270,37890,34720,32440,30140,31830,30330,26760,24580,22630,20690,18880,17830,16310,15330,14390,13720,12080,10520,9130,7970,6700,5520,4300,3420,2700,5780,4695000
"2016Q2",59400,59550,59980,62440,63340,64400,65620,64590,64920,62840,60140,59140,59530,59130,59630,62450,63710,62490,63860,65180,67050,67890,67620,69720,70680,71510,69820,66840,66030,63620,62140,61520,61180,60500,59480,58530,57840,57470,55990,56860,56970,59240,61700,63770,66260,66900,65020,65040,64060,62870,62340,63030,64840,65770,65240,63510,61030,60010,57200,55950,54470,52850,51320,49510,48620,47330,47050,45930,45940,45340,38050,35560,33440,29300,31950,30570,27760,24550,22780,20990,19140,17720,16520,15300,14340,13760,12050,10670,9240,8000,6580,5670,4370,3440,2720,5890,4714100
"2016Q3",59950,59900,59920,61810,63540,64350,65690,64840,65130,63990,60730,59420,59840,59230,59550,62110,64170,62890,63690,65170,66790,68270,67800,69590,71480,71950,71310,68130,67180,65190,63030,62650,61690,61020,60410,59210,58620,57910,56600,56990,57120,59000,61240,63210,66070,67270,65440,65420,64410,63200,62390,62890,64340,66010,65360,64110,61700,60130,57840,56420,54970,53310,51750,49800,48980,47570,47000,46240,45620,45810,39350,36410,33430,29860,31380,30700,28470,25070,23170,21120,19450,17630,16630,15360,14200,13620,12220,10730,9180,8060,6650,5540,4470,3430,2750,5940,4741200
"2016Q4",60180,59910,60220,61150,64490,63910,65670,65060,65420,64800,61460,59850,59710,59580,59200,61640,64340,63090,62810,64830,66780,67930,67960,69520,71770,72300,72590,69980,68260,66810,64320,63370,62480,61780,61680,59540,59350,58550,57280,56890,57490,58470,61000,62870,65840,67080,66290,65490,65180,63400,62530,62860,64390,65740,65860,64270,62750,60080,58650,56770,55550,53560,52150,50010,49460,47650,47360,46230,45760,45530,41690,36880,33870,30600,30570,30750,28990,25800,23320,21580,19780,17580,16920,15250,14220,13440,12400,10820,9290,7980,6760,5620,4490,3500,2720,6090,4767600
"2017Q1",60030,59990,60770,60720,64200,64050,65590,65690,65310,65470,62600,60250,59920,60020,59730,61190,64490,64290,62860,65290,66110,68120,68690,69420,71850,73200,74000,71260,69130,68770,65210,64030,63300,62380,62400,60420,59960,59290,57840,57260,57850,57980,60980,62680,65380,67080,66780,65770,65650,63820,62790,62990,63710,65360,66300,64880,62960,60800,59120,57380,55520,53960,52530,50510,49690,48050,47120,46430,45580,45370,43670,37350,34150,31750,29490,31060,29530,25980,23850,21750,19820,17900,16940,15350,14210,13230,12540,10960,9380,8000,6840,5660,4620,3540,2740,6280,4796700
"2017Q2",60150,59970,60760,61180,63460,64350,65200,66240,65240,65530,63630,60910,59910,60140,60180,60960,63800,64710,63150,65010,66100,67770,68540,69100,71600,72950,73970,72510,69830,69110,66440,64760,63830,63330,62430,61320,60170,59520,58910,57290,58090,58030,60270,62640,64650,67120,67590,65610,65620,64540,63200,62640,63390,65110,66040,65340,63580,61150,60090,57350,55890,54380,52780,51260,49460,48430,47050,46700,45480,45360,44680,37510,34910,32740,28660,31180,29730,26920,23810,21890,20110,18150,16740,15540,14180,13150,12480,10900,9520,8050,6880,5580,4730,3600,2760,6400,4813600
"2017Q3",59730,60570,60890,61190,62970,64560,65110,66340,65490,65740,64720,61490,60210,60510,60200,60890,63430,65160,63550,64620,66170,67210,68720,69060,71220,73440,74180,73930,70830,70090,68070,65680,64910,63650,63040,62140,60970,60290,59320,57920,58230,58110,59980,62120,64050,66990,67880,66020,66020,64860,63570,62700,63210,64650,66190,65490,64220,61690,60240,57890,56460,54760,53240,51610,49690,48830,47210,46610,45740,45040,45190,38730,35720,32740,29110,30630,29780,27600,24250,22320,20150,18440,16620,15590,14230,13030,12290,11050,9500,7980,6880,5610,4560,3640,2740,6380,4836300
"2017Q4",59920,60670,60830,61540,62210,65530,64720,66280,65730,65970,65410,62220,60560,60450,60330,60460,62940,65320,63620,63710,65930,67190,68310,68980,70890,73580,74400,75090,72590,70910,69450,66750,65500,64390,63710,63400,61170,60980,60000,58640,58070,58500,59400,61900,63680,66770,67710,66840,66010,65700,63810,62820,63150,64640,65890,66090,64320,62760,60170,58600,56890,55280,53450,52020,49860,49340,47280,46970,45760,45150,44860,41040,36170,33190,29830,29790,29840,28050,24920,22460,20580,18800,16560,15910,14180,13040,12160,11160,9620,8110,6820,5750,4640,3630,2800,6480,4859500
"2018Q1",59930,60480,60980,62010,61760,65240,64840,66190,66270,65900,66050,63270,60940,60690,60730,60980,62460,65480,64760,63600,66360,66630,68580,69580,70480,73480,75250,76280,73680,71610,71440,67540,66190,65140,64340,64070,62110,61510,60700,59220,58460,58890,58900,61810,63470,66250,67730,67360,66220,66160,64200,63120,63210,63960,65560,66490,64920,62950,60850,59040,57490,55290,53810,52320,50350,49510,47780,46690,45930,45000,44700,42960,36660,33420,31000,28680,30210,28540,25080,22980,20770,18780,16850,15890,14340,13070,11960,11270,9760,8190,6850,5770,4690,3750,2810,6690,4886100
"2018Q2",59530,60520,60890,61880,62210,64430,65170,65820,66700,65790,66060,64290,61620,60630,60900,61360,62240,64770,65100,63880,65980,66600,68020,69360,70110,72970,74990,76120,74990,72120,71600,68760,66950,65650,65260,64220,63010,61680,60950,60200,58530,59110,58970,61100,63460,65480,67830,68120,66030,66130,64900,63480,62840,63710,65270,66240,65410,63600,61160,60040,57400,55720,54220,52550,51050,49320,48090,46590,46220,44880,44700,43920,36850,34180,32010,27880,30320,28800,25960,22920,20970,19070,17110,15710,14480,13080,11950,11200,9670,8370,6880,5760,4630,3810,2840,6760,4900600
"2018Q3",59250,60180,61380,61950,62200,63990,65380,65720,66850,66080,66270,65310,62190,60820,61300,61290,62060,64260,65580,64240,65510,66920,67570,69470,70070,72520,75170,76270,76230,72960,72370,70240,67730,66490,65480,64790,63820,62350,61690,60590,59090,59260,59120,60830,62950,64800,67690,68380,66450,66430,65110,63830,62830,63360,64740,66300,65530,64240,61630,60170,57910,56430,54530,53060,51420,49540,48520,46770,46100,45210,44430,44470,38070,35030,32080,28380,29860,28930,26690,23380,21390,19110,17430,15620,14610,13190,11880,11080,9840,8330,6850,5820,4600,3700,2940,6850,4921300
"2018Q4",58940,60270,61600,61770,62550,63200,66320,65340,66900,66340,66560,65990,62900,61220,61100,61320,61600,63680,65740,64220,64590,66750,67640,69020,69960,72120,75180,76290,77070,74610,72970,71550,68590,67030,66110,65350,65050,62520,62280,61160,59790,59150,59430,60200,62680,64340,67370,68170,67240,66260,65960,63940,62840,63210,64700,65920,66040,64370,62660,60090,58530,56840,55120,53310,51870,49630,49030,46910,46460,45260,44580,44190,40370,35450,32610,29160,29040,29040,27150,24020,21540,19600,17770,15550,14900,13150,11950,10950,9950,8420,6990,5720,4740,3730,2890,7020,4941200
"2019Q1",59360,60280,61360,61860,63050,62750,66030,65530,66880,66940,66490,66620,63970,61690,61440,61690,62120,63180,65980,65440,64310,67110,67130,69330,70310,71480,74790,76840,77850,75500,73370,73260,69150,67600,66670,65820,65580,63610,62730,61840,60300,59470,59790,59740,62510,64110,66760,68170,67760,66480,66400,64280,63090,63250,63960,65560,66400,64890,62860,60760,58930,57430,55220,53670,52190,50100,49220,47420,46280,45440,44440,44130,42250,35970,32810,30350,28000,29410,27660,24190,22070,19840,17780,15840,14900,13300,12020,10790,10040,8590,7090,5760,4760,3780,2970,7160,4965300
"2019Q2",59640,59840,61400,61880,62880,63260,65210,65930,66620,67410,66470,66700,65020,62370,61370,61890,62370,63010,65150,65840,64430,66530,66990,68810,70070,71000,74300,76430,77370,76850,73870,73300,70250,68300,67030,66600,65660,64490,62900,62160,61330,59470,60050,59790,61790,64030,65960,68240,68520,66300,66340,64940,63440,62860,63660,65220,66150,65290,63480,61100,59980,57370,55690,54180,52550,50870,49070,47830,46240,45790,44390,44190,43280,36190,33530,31350,27200,29540,27940,25030,22070,20000,18070,16090,14700,13420,12000,10820,9980,8490,7250,5810,4750,3730,3030,7210,4979200
"2019Q3",60010,59690,61010,62510,62930,63350,64780,66270,66510,67690,66810,67020,66120,62990,61640,62410,62270,62840,64780,66490,64990,66130,67340,68510,70550,71240,73940,76800,77950,77990,74980,74180,71930,69080,67990,67020,66170,65340,63790,62990,61770,60090,60220,60000,61530,63500,65320,68090,68820,66790,66680,65240,63840,63010,63450,64780,66360,65520,64220,61660,60200,57990,56460,54630,53100,51460,49370,48310,46530,45790,44770,43970,43850,37460,34350,31450,27710,29080,28070,25750,22470,20460,18110,16470,14570,13580,12040,10750,9810,8640,7170,5790,4830,3750,2940,7290,5006900
"2019Q4",60260,59380,61190,62750,62760,63740,64080,67180,66150,67780,67130,67380,66790,63670,62040,62220,62330,62340,63910,66530,65190,65190,67190,68870,70610,71700,74160,77460,78510,79330,76960,75070,73520,70160,68760,67800,66860,66620,64170,63740,62510,60950,60180,60470,61060,63280,64940,67910,68620,67730,66630,66300,64140,63100,63520,64940,66230,66310,64600,62930,60410,58890,57240,55480,53690,52210,49690,49110,46890,46360,45020,44310,43790,39850,34940,32040,28570,28360,28300,26260,23190,20640,18640,16840,14560,13840,12060,10790,9710,8750,7320,5900,4760,3880,2960,7380,5040400
"2020Q1",59710,59930,61370,62680,63050,64350,63780,67050,66530,67890,67870,67470,67530,64870,62630,62690,62770,62880,63860,67010,66750,65490,68430,69000,71730,72920,74420,77960,79880,80960,78440,76210,75710,71090,69600,68720,67630,67350,65300,64380,63420,61580,60690,60870,60700,63330,64880,67350,68720,68220,66970,66810,64630,63470,63660,64350,65920,66890,65280,63220,61230,59440,57990,55690,54190,52690,50420,49430,47500,46350,45320,44290,43820,41860,35550,32310,29780,27410,28730,26800,23340,21220,18910,16820,14870,13780,12270,10820,9610,8850,7450,5960,4790,3880,3030,7550,5082800
"2020Q2",59390,60070,60790,62620,62960,63940,64240,66090,66830,67490,68290,67260,67490,65850,63120,62320,62930,63030,63580,66070,66950,65650,67720,68750,71080,72590,73800,77330,79420,80400,79530,76460,75590,72180,69990,68930,68210,67300,65920,64310,63480,62500,60520,61000,60660,62540,64720,66580,68680,68940,66710,66770,65260,63820,63210,64100,65570,66620,65710,63840,61510,60410,57870,56120,54670,52990,51200,49240,47910,46290,45670,44180,43970,42910,35820,33060,30810,26660,28830,27140,24170,21200,19150,17090,15160,13670,12390,10890,9690,8760,7420,6180,4840,3900,3000,7710,5090200
"2020Q3",59130,60390,60490,62020,63480,63800,64130,65500,67000,67250,68400,67450,67690,66710,63580,62320,63110,62720,63100,65190,67020,65690,66790,68410,70020,72250,73170,76080,78960,80030,80100,76910,75940,73460,70370,69410,68190,67420,66450,64840,63990,62680,60920,60960,60690,62140,64060,65830,68440,69180,67140,67030,65610,64110,63250,63770,65090,66710,65860,64480,61950,60520,58300,56810,54990,53460,51670,49420,48330,46460,45620,44480,43730,43460,37060,33860,30950,27130,28370,27330,24890,21620,19640,17210,15570,13580,12570,11000,9680,8670,7600,6180,4870,4030,3020,7810,5098700
"2020Q4",59050,60600,59950,61870,63460,63390,64300,64630,67720,66700,68280,67620,67900,67250,64100,62530,62790,62560,62330,64410,66970,65600,65670,67820,69680,71470,72610,75020,78480,79490,80320,77790,76050,74380,70940,69490,68510,67550,67280,64810,64300,63120,61440,60620,60920,61410,63630,65270,68100,68840,67840,66820,66380,64200,63130,63560,64960,66200,66340,64540,62880,60320,58840,57140,55390,53620,51980,49440,48760,46450,45990,44470,43800,43180,39270,34300,31430,27870,27560,27490,25320,22290,19730,17700,15830,13540,12830,11010,9710,8610,7700,6320,4970,3920,3150,7910,5103700
"2021Q1",59640,59940,60230,61760,62970,63340,64540,64030,67270,66700,68090,68070,67640,67710,64980,62700,62760,62660,62370,63310,66380,66230,64870,67730,68310,71000,72260,73860,77440,79560,80760,78190,76210,75730,71270,69700,68760,67690,67480,65440,64480,63630,61680,60810,60990,60780,63370,64910,67400,68730,68220,66860,66690,64480,63300,63410,64090,65700,66580,64870,62870,60790,59010,57570,55250,53740,52190,49810,48860,46840,45690,44630,43530,43080,41060,34770,31610,29020,26540,27830,25830,22390,20220,17960,15780,13850,12770,11210,9690,8530,7780,6420,5030,3930,3170,8090,5107900
"2021Q2",60970,59610,60410,61200,62960,63270,64140,64540,66350,67030,67690,68530,67500,67740,65980,63270,62410,62870,62600,63020,65380,66330,64910,66830,67790,70090,71560,72950,76400,78740,79880,79110,76260,75520,72200,70080,68930,68230,67370,66000,64510,63590,62590,60620,61130,60690,62580,64680,66620,68630,68940,66550,66650,65040,63610,62910,63790,65230,66250,65290,63420,61020,59870,57370,55640,54120,52360,50490,48580,47230,45560,44920,43370,43150,42040,35000,32270,30000,25830,27880,26150,23180,20210,18080,16030,14110,12630,11310,9780,8560,7650,6390,5230,3980,3140,8200,5111300
"2021Q3",61460,59290,60760,60870,62350,63730,63980,64340,65750,67120,67430,68530,67640,67860,66860,63690,62390,63070,62250,62440,64440,66270,64910,65940,67460,68940,71200,72230,75200,78180,79480,79640,76560,75880,73430,70490,69410,68170,67420,66520,64930,64020,62720,60940,60980,60680,62140,63950,65760,68370,69080,66950,66800,65340,63820,62910,63390,64650,66210,65440,63990,61400,59830,57680,56210,54350,52720,50840,48690,47580,45710,44800,43620,42850,42530,36190,32970,30090,26250,27410,26290,23840,20540,18510,16110,14410,12490,11460,9890,8550,7460,6470,5160,4000,3200,8200,5115000
"2021Q4",62350,59100,60890,60310,62200,63650,63590,64440,64760,67860,66840,68390,67700,68010,67350,64220,62610,62690,62170,61650,63820,66290,64930,64780,66930,68580,70360,71540,74050,77520,78800,79810,77380,75890,74250,70990,69470,68390,67430,67280,64770,64220,63080,61390,60550,60830,61300,63470,65110,68010,68620,67650,66510,66020,63800,62810,63100,64500,65630,65840,63970,62250,59650,58130,56490,54730,52780,51150,48640,47940,45700,45110,43580,42870,42180,38300,33370,30520,26950,26590,26460,24220,21180,18620,16580,14680,12410,11680,9890,8580,7470,6530,5260,4100,3130,8310,5116500
"2022Q1",61690,59650,60160,60550,62030,63070,63510,64590,64120,67330,66790,68140,68070,67690,67770,65080,62780,62740,62140,61690,62790,65720,65450,63940,66610,67100,69630,71040,72530,76240,78700,80020,77620,75770,75470,71100,69550,68630,67440,67200,65300,64310,63400,61500,60640,60780,60570,63130,64640,67190,68430,67960,66520,66340,64050,62950,62940,63670,65170,66120,64400,62350,60190,58380,56930,54680,52980,51350,49060,48060,46130,44850,43720,42640,42130,40030,33830,30680,28070,25590,26800,24680,21260,19110,16780,14620,12730,11550,10100,8560,7410,6540,5340,4130,3100,8430,5114900
"2022Q2",60020,60870,59790,60830,61520,63140,63460,64270,64610,66430,67110,67760,68570,67570,67750,66150,63400,62490,62410,62080,62510,64800,65590,64000,65840,66600,68650,70240,71710,75270,77960,79280,78680,75880,75340,72170,70000,68850,68090,67120,65840,64310,63370,62410,60420,60940,60450,62340,64410,66350,68380,68590,66210,66270,64630,63260,62430,63340,64700,65730,64820,62920,60390,59270,56780,55010,53380,51470,49760,47800,46430,44740,43980,42450,42220,40960,33980,31260,29000,24880,26800,24960,21970,19050,16930,14780,12950,11460,10110,8620,7350,6410,5250,4280,3110,8340,5117100
"2022Q3",59010,61330,59490,61210,61320,62680,63990,64260,64560,65910,67340,67670,68730,67850,68080,67260,64050,62670,62810,61920,62470,64280,65960,64340,65260,66690,68080,70440,71610,74730,78060,79430,79720,76650,76050,73670,70660,69550,68250,67350,66540,64980,64010,62630,60870,60890,60620,61950,63720,65510,68150,68780,66610,66460,64890,63410,62450,62890,64180,65640,64880,63440,60810,59260,57120,55590,53630,51930,50020,47940,46750,44890,43900,42690,41900,41470,35100,31960,29040,25250,26260,25140,22570,19320,17290,14860,13190,11290,10200,8630,7330,6210,5310,4150,3100,8270,5131200
"2022Q4",57700,62330,59480,61530,60950,62920,64180,64130,64950,65250,68380,67340,68860,68190,68450,67920,64860,62980,62670,62120,62110,64010,66340,64880,64910,67020,68830,70720,72180,74990,78600,79910,80940,78500,77030,75330,71960,70410,69200,68170,67990,65380,64880,63530,61730,60860,61070,61490,63500,65050,67960,68510,67450,66370,65760,63480,62500,62700,64130,65170,65350,63530,61790,59140,57690,56030,54120,52080,50410,47950,47230,44910,44290,42740,41930,41140,37200,32350,29450,25980,25470,25260,22960,19920,17400,15300,13380,11210,10440,8610,7310,6250,5300,4240,3180,8250,5160500
"2023Q1",57320,61860,60220,61140,61700,63270,64140,64500,65560,65080,68330,67700,69090,68890,68670,68810,66110,63570,62890,62780,62800,63720,66490,66340,65210,67920,68810,71580,73290,75070,79190,81490,82620,80320,78390,77820,73540,71580,70620,69350,69040,66950,65760,64780,62600,61600,61620,61230,63560,64910,67450,68550,67920,66570,66260,63880,62740,62700,63400,64840,65750,64020,62030,59790,58070,56630,54230,52450,50770,48530,47450,45400,44190,42960,41830,41150,38990,32880,29660,27010,24550,25540,23480,20000,17880,15480,13310,11470,10370,8810,7330,6240,5350,4300,3230,8350,5203700
"2023Q2",57160,60350,61640,60940,62280,63000,64660,64860,65670,65960,67830,68390,69050,69830,68890,69140,67530,64540,62800,63280,63520,63860,65850,67020,65710,67980,69060,71770,73930,75640,79620,82370,83220,82700,79810,78810,75740,73070,71870,70880,69720,68320,66580,65390,64180,61910,62180,61510,63100,64930,66730,68680,68760,66330,66290,64580,63060,62290,63150,64430,65500,64470,62680,60090,58950,56480,54640,52930,50930,49210,47240,45750,44090,43240,41670,41220,39920,33000,30290,27970,23880,25610,23670,20720,17810,15690,13540,11690,10220,8850,7420,6210,5240,4270,3360,8400,5239200
"2023Q3",56870,59610,62280,60840,62890,63130,64450,65730,65940,66330,67530,69090,69290,70370,69390,69880,69090,65440,63470,64080,63940,64300,65970,67900,66640,68100,69810,71990,74520,76270,79790,83360,84100,84340,81260,80420,77920,74510,73080,71730,70550,69570,67600,66510,64840,62750,62440,61900,62950,64530,66050,68570,69070,66810,66620,64930,63340,62420,62830,64090,65550,64720,63340,60700,59060,56950,55330,53330,51490,49580,47410,46210,44240,43250,41920,40990,40480,34150,30950,28060,24290,25160,23850,21270,18110,16060,13660,11930,10080,8970,7460,6190,5100,4330,3270,8470,5279900
"2023Q4",56930,58420,63310,60860,63140,62790,64710,65770,65700,66620,66760,70020,68840,70360,69560,69930,69490,65920,63860,63650,63730,63670,65550,68370,67220,67840,70150,72380,74750,76500,79680,83600,84400,85230,82970,81230,79430,75740,73760,72490,71180,70760,67840,67080,65560,63520,62270,62190,62390,64280,65550,68360,68820,67650,66640,65810,63520,62530,62790,64210,65330,65430,63580,61890,59180,57660,55970,53970,51850,50090,47600,46820,44360,43730,42060,41130,40280,36360,31370,28520,25030,24390,24020,21640,18640,16180,14040,12140,9980,9190,7410,6140,5180,4280,3290,8540,5305600
"Table information:"
"Units:"
"Number, Magnitude = Units"
""
"Footnotes:"
"All population estimates at 30 June 2018 and beyond use the 2018-base ERP."
"Estimates flagged as provisional are subject to revision, mainly to incorporate revisions to external (international) migration estimates."
"The current population estimates are based on 2018 Census data. The 2023-based estimated resident population will be published following the release of 2023 Census and 2023 Post-enumeration Survey results."
" "
"Symbols:"
".. figure not available"
"C: Confidential"
"E: Early Estimate"
"P: Provisional"
"R: Revised"
"S: Suppressed"
""
"Status flags are not displayed"
""
"Table reference: "
"DPE054AA"
""
"Last updated:"
"0 Years: 16 February 2024 10:45am"
"1 Years: 16 February 2024 10:45am"
"2 Years: 16 February 2024 10:45am"
"3 Years: 16 February 2024 10:45am"
"4 Years: 16 February 2024 10:45am"
"5 Years: 16 February 2024 10:45am"
"6 Years: 16 February 2024 10:45am"
"7 Years: 16 February 2024 10:45am"
"8 Years: 16 February 2024 10:45am"
"9 Years: 16 February 2024 10:45am"
"10 Years: 16 February 2024 10:45am"
"11 Years: 16 February 2024 10:45am"
"12 Years: 16 February 2024 10:45am"
"13 Years: 16 February 2024 10:45am"
"14 Years: 16 February 2024 10:45am"
"15 Years: 16 February 2024 10:45am"
"16 Years: 16 February 2024 10:45am"
"17 Years: 16 February 2024 10:45am"
"18 Years: 16 February 2024 10:45am"
"19 Years: 16 February 2024 10:45am"
"20 Years: 16 February 2024 10:45am"
"21 Years: 16 February 2024 10:45am"
"22 Years: 16 February 2024 10:45am"
"23 Years: 16 February 2024 10:45am"
"24 Years: 16 February 2024 10:45am"
"25 Years: 16 February 2024 10:45am"
"26 Years: 16 February 2024 10:45am"
"27 Years: 16 February 2024 10:45am"
"28 Years: 16 February 2024 10:45am"
"29 Years: 16 February 2024 10:45am"
"30 Years: 16 February 2024 10:45am"
"31 Years: 16 February 2024 10:45am"
"32 Years: 16 February 2024 10:45am"
"33 Years: 16 February 2024 10:45am"
"34 Years: 16 February 2024 10:45am"
"35 Years: 16 February 2024 10:45am"
"36 Years: 16 February 2024 10:45am"
"37 Years: 16 February 2024 10:45am"
"38 Years: 16 February 2024 10:45am"
"39 Years: 16 February 2024 10:45am"
"40 Years: 16 February 2024 10:45am"
"41 Years: 16 February 2024 10:45am"
"42 Years: 16 February 2024 10:45am"
"43 Years: 16 February 2024 10:45am"
"44 Years: 16 February 2024 10:45am"
"45 Years: 16 February 2024 10:45am"
"46 Years: 16 February 2024 10:45am"
"47 Years: 16 February 2024 10:45am"
"48 Years: 16 February 2024 10:45am"
"49 Years: 16 February 2024 10:45am"
"50 Years: 16 February 2024 10:45am"
"51 Years: 16 February 2024 10:45am"
"52 Years: 16 February 2024 10:45am"
"53 Years: 16 February 2024 10:45am"
"54 Years: 16 February 2024 10:45am"
"55 Years: 16 February 2024 10:45am"
"56 Years: 16 February 2024 10:45am"
"57 Years: 16 February 2024 10:45am"
"58 Years: 16 February 2024 10:45am"
"59 Years: 16 February 2024 10:45am"
"60 Years: 16 February 2024 10:45am"
"61 Years: 16 February 2024 10:45am"
"62 Years: 16 February 2024 10:45am"
"63 Years: 16 February 2024 10:45am"
"64 Years: 16 February 2024 10:45am"
"65 Years: 16 February 2024 10:45am"
"66 Years: 16 February 2024 10:45am"
"67 Years: 16 February 2024 10:45am"
"68 Years: 16 February 2024 10:45am"
"69 Years: 16 February 2024 10:45am"
"70 Years: 16 February 2024 10:45am"
"71 Years: 16 February 2024 10:45am"
"72 Years: 16 February 2024 10:45am"
"73 Years: 16 February 2024 10:45am"
"74 Years: 16 February 2024 10:45am"
"75 Years: 16 February 2024 10:45am"
"76 Years: 16 February 2024 10:45am"
"77 Years: 16 February 2024 10:45am"
"78 Years: 16 February 2024 10:45am"
"79 Years: 16 February 2024 10:45am"
"80 Years: 16 February 2024 10:45am"
"81 Years: 16 February 2024 10:45am"
"82 Years: 16 February 2024 10:45am"
"83 Years: 16 February 2024 10:45am"
"84 Years: 16 February 2024 10:45am"
"85 Years: 16 February 2024 10:45am"
"86 Years: 16 February 2024 10:45am"
"87 Years: 16 February 2024 10:45am"
"88 Years: 16 February 2024 10:45am"
"89 Years: 16 February 2024 10:45am"
"90 Years: 16 February 2024 10:45am"
"91 Years: 16 February 2024 10:45am"
"92 Years: 16 February 2024 10:45am"
"93 Years: 16 February 2024 10:45am"
"94 Years: 16 February 2024 10:45am"
"95 Years and Over: 16 February 2024 10:45am"
"Total All Ages: 16 February 2024 10:45am"
""
"Source: Statistics New Zealand"
"Contact: Information Centre"
"Telephone: 0508 525 525"
"Email:info@stats.govt.nz"
""
""
""
